,author_id,author,joined_ao3
0,3298896,Ma6icki,2017-07-25
1,9206418,imacrazyangel13,2020-12-19
2,6198317,thewinterlamb,2019-10-17
3,18741883,helloimsomeone,2023-08-23
4,18734290,Windowmomfriend,2023-08-22
5,11056541,geminipixie,2021-05-14
6,147249,displayheartcode,2013-03-29
7,13041046,P1xySt1x_7,2022-01-07
8,6943168,Aquarius_girl,2020-03-06
9,162689,epsilonics,2013-05-12
10,8102887,dappledleaves,2020-08-10
11,18587074,ukulelevillainwrites,2023-08-12
12,15135258,NiahmDaFoe,2022-09-08
13,18178006,lockyandluce,2023-07-09
14,16869568,GhostCulture,2023-03-16
15,9444414,Julex,2021-01-02
16,9232215,cryptidbear,2020-12-21
17,16576195,FinalFile05,2023-02-16
18,164762,lucie,2013-05-17
19,3248667,milohii,2017-07-08
20,1760866,buggybugs,2016-01-08
21,18391201,GuardianDragonLady,2023-07-28
22,16421353,magpie_song,2023-01-31
23,1159,nan,2009-11-15
24,18551626,Sc11vb,2023-08-09
25,18561442,katherinen2002,2023-08-10
26,13345069,vynsale,2022-02-06
27,18482560,ghstlock,2023-08-04
28,13283842,J_is_broken,2022-01-31
29,15731506,asthemoonlovesthestars,2022-11-22
30,17693491,amature_cession22,2023-06-02
31,17235478,Chocy_Milk,2023-04-18
32,13655830,Squid52,2022-03-10
33,1760866,literaryelegance,2016-01-08
34,6999,Cornerofmadness,2010-05-17
35,14646558,Telvannicon,2022-07-15
36,18278386,Shananigans24,2023-07-20
37,15196848,IgnoreeverythingIdo,2022-09-14
38,18270649,hnicolaaa,2023-07-19
39,18296326,Smuttyfluffbiscuit,2023-07-21
40,17913094,pick_lemons__5283,2023-06-19
41,9878187,Writerboi101,2021-01-27
42,1159,nan,2009-11-15
43,7140106,scarlettaylor,2020-04-01
44,174478,Polkadot_Paragua,2013-06-13
45,686915,Jazzamatazz,2014-09-22
46,18153325,SciroccoOrion,2023-07-07
47,18190984,dancing_in_starlight,2023-07-10
48,9708987,valkrose,2021-01-17
49,1159,nan,2009-11-15
50,3599988,nonbinary_writer_pal,2017-11-29
51,18100114,LeonaBelle,2023-07-03
52,7212916,buttonupshirt,2020-04-09
53,7800,blithers,2010-07-10
54,17984590,justabeeinahive,2023-06-24
55,17985625,spicybakerybitch,2023-06-25
56,17982241,WaitingForTheSunrise,2023-06-24
57,15263322,repealciel,2022-09-20
58,17281396,imasatelliteheart,2023-04-22
59,5866990,Euphor,2019-08-12
60,6483838,Valadilen,2019-12-25
61,9293061,suspiciousofgingers,2020-12-23
62,17436517,you_need_a_ladder,2023-05-06
63,17765812,Archiveoftara,2023-06-08
64,7039789,agentkatniss (katnisspond),2020-03-17
65,9993930,TheHeavenlyChild,2021-02-04
66,11812930,ATalkingCat,2021-08-07
67,33469,g_thorn,2012-01-16
68,1159,None,2009-11-15
69,5599630,StarWritingFlute200,2019-06-12
70,3916611,BrooklynBooks,2018-03-20
71,11390365,Angstyboiiiiii,2021-06-15
72,8257627,losttosleep,2020-09-01
73,5292218,SplinteredEmotions,2019-03-28
74,17947567,cassiopeia_story,2023-06-22
75,8417542,bydayornight,2020-09-24
76,12711571,Historygirl22,2021-11-20
77,3008151,jhyxn (suedive),2017-04-14
78,16480411,VerdetCadet,2023-02-07
79,17537086,Renaissancebee,2023-05-16
80,16837528,rowena_soreland,2023-03-13
81,8355079,Rose (mysticalllcrab),2020-09-15
82,16865860,plattypie_humano,2023-03-16
83,6795775,angel_in_a_big_blue_box,2020-02-20
84,15290670,Marquis_de_lafayette,2022-09-23
85,2158912,bleuboxes,2016-06-01
86,11464138,egrets,2021-06-21
87,8542795,Mothman12,2020-10-13
88,1095901,carlyrarnold,2015-04-12
89,10296033,marina_aniram,2021-02-23
90,16837528,jwrites23 (rowena_soreland),2023-03-13
91,2889062,McKat,2017-03-06
92,11032043,ersatzist,2021-05-11
93,13764538,mayfloweruru,2022-03-22
94,14142288,crow_blue,2022-05-12
95,16848577,tvngerine_zso,2023-03-14
96,12279436,krash_8,2021-09-24
97,5036057,George_the_Pumpkin,2019-01-18
98,3240345,LilytheFlower,2017-07-06
99,7018408,TheElf,2020-03-14
100,9495420,saheeli,2021-01-06
101,1258444,whytho,2015-06-08
102,8699371,stilesospoon,2020-11-07
103,9200883,saiwriteswords,2020-12-18
104,16752085,Lolismaname,2023-03-05
105,4324692,Lissygray,2018-07-13
106,1895115,spillingwords,2016-03-02
107,3868368,Stars_that_fall,2018-03-08
108,3579405,MissFit,2017-11-25
109,12453472,zeddmarker_ficlets (zeddmarker),2021-10-16
110,14358585,Depressed_aroace,2022-06-11
111,17478571,LucysRapier,2023-05-10
112,14206944,zaneer96,2022-05-20
113,111393,Mirroringdust (MirroringDust),2013-01-10
114,6084410,Lims,2019-09-22
115,4990964,purplehippo316,2019-01-06
116,7100191,KingPengu,2020-03-26
117,7467961,Musicangel913,2020-05-10
118,11182556,stardust_128,2021-05-26
119,91762,ParadiseAvenger,2012-11-30
120,1384352,phantomhivemast3r,2015-07-31
121,2793329,ceruleancats,2017-01-30
122,11812870,NekoYokai,2021-08-07
123,11472214,infp_obsessing_over_everything,2021-06-21
124,13948843,LowKeyMont,2022-04-13
125,None,loonyloopyluna (orphan_account),
126,4281602,andianne,2018-07-03
127,5560780,PageofTowers,2019-06-05
128,54958,hobbitsdoitbetter,2012-06-25
129,3425694,Tiptapricot,2017-09-07
130,13548244,Enjolras_IRL_18,2022-02-27
131,893858,TenderRain,2015-01-14
132,1781095,hppyly,2016-01-15
133,17618806,WordyWallflower,2023-05-25
134,446348,DontOffendTheBees,2014-05-25
135,17405893,UserOttie,2023-05-03
136,16630048,Whyisitspicyyy,2023-02-21
137,7497697,blackwoodhart,2020-05-14
138,6780127,Maxbodyspray,2020-02-19
139,16021551,annlaurence70,2022-12-26
140,4827061,TheBuejay,2018-12-01
141,120893,ev0lution,2013-01-26
142,2624371,human_dreamer_etcetera,2016-12-03
143,8252374,multifandommess17,2020-09-01
144,17351638,Jasmin3tea,2023-04-28
145,3764109,AwkwardWerewolf15,2018-02-03
146,1764922,RiaCarroll,2016-01-10
147,10591479,rach_l1805,2021-03-30
148,12410293,Walker63163,2021-10-10
149,None,orphan_account,
150,9487254,Polaroidpictures,2021-01-06
151,315553,Chevy,2014-03-10
152,14360727,wellgoslowly,2022-06-12
153,8594500,bluejay_07,2020-10-21
154,4780369,Mistress_of_Microscopes,2018-11-18
155,13583521,HeavyOnTheTragedy,2022-03-02
156,1316127,pearlcaddy,2015-07-04
157,15353352,YouHaveForgottenMeAlready,2022-10-01
158,12031936,A_real_bookworm,2021-08-29
159,17807806,Lockwoods_door,2023-06-11
160,10583625,atlabeth,2021-03-29
161,8821792,Oighear,2020-11-22
162,931775,starlightwalking,2015-02-11
163,4902222,EndekuCultist,2018-12-17
164,4053612,Achilles_Angst,2018-04-21
165,5197628,octogonalotto,2019-03-05
166,3247065,The Corsair (Swashbuckler),2017-07-08
167,10687382,ShotFox,2021-04-09
168,14897931,canningroxy22,2022-08-10
169,15660948,hestiareads,2022-11-13
170,17525809,Witherborne,2023-05-15
171,2525098,catnap332,2016-10-21
172,10517931,winterlovesong,2021-03-23
173,7917469,AlmostLikeQuake,2020-07-17
174,13650832,InsaneINTP,2022-03-09
175,13532089,Pages_turn,2022-02-25
176,3585906,glassandroses,2017-11-26
177,6440668,b0y_w0nder,2019-12-15
178,13332169,The_Randomness_and_Fandomness,2022-02-04
179,16140693,EclecticRaccoons,2023-01-06
180,3906852,LiteraryFaerie,2018-03-18
181,5202485,jacksparrow589,2019-03-06
182,16819573,HollowGirlHan,2023-03-12
183,17203720,vermillionmouse,2023-04-15
184,10838600,LesbianBowieStan05,2021-04-23
185,3437400,RainShadow07,2017-09-12
186,3224481,lockwoodstie (PilotInTheStars),2017-07-02
187,15986755,pink_symphony_caladium,2022-12-22
188,16352149,definitelykazbrekker,2023-01-25
189,17173909,earthtoeleanore,2023-04-12
190,217734,lucawindmover,2013-10-02
191,3304617,ImpossibleClair,2017-07-27
192,4161168,viovette,2018-05-27
193,6822130,SerraSerraSerra,2020-02-23
194,3487002,BritishGirl93,2017-10-08
195,29836,Silverheart,2011-12-22
196,32557,Megkips,2012-01-07
197,11051753,cake_yo,2021-05-13
198,5730865,thethinkingcloth (little_versailles),2019-07-09
199,877844,mliz18,2015-01-01
200,4166852,zipadeea,2018-05-29
201,16117719,BugJack_Lou,2023-01-03
202,14679723,CrowofArcadiaOaks,2022-07-19
203,157877,mrbvblover,2013-04-27
204,16404661,SinSong,2023-01-30
205,13836028,drko,2022-03-31
206,995699,holleran,2015-03-03
207,3069363,IndecisiveScribbler,2017-05-05
208,14316807,kxsundust,2022-06-06
209,852197,bubblesodatea,2014-12-21
210,3999153,Catoukin,2018-04-10
211,4225415,whereitwillgo,2018-06-17
212,2583307,pennysparrow,2016-11-14
213,11086535,strawbrry_dem0n,2021-05-16
214,5634139,Rosyln_35,2019-06-18
215,2361145,enchanted_doughnut,2016-08-10
216,16234408,halfahint,2023-01-14
217,8739748,Futurearchaeologyprof,2020-11-12
218,3952728,ipreferfiction,2018-03-28
219,6828967,therealjanebingley,2020-02-24
220,902246,ahprodithe,2015-02-02
221,17115895,klineinie,2023-04-08
222,10544082,wawabird,2021-03-26
223,9955650,Dreamer1701,2021-02-01
224,3154710,insteadofjust_invisible,2017-06-07
225,11406523,official_djungelskog,2021-06-16
226,15047850,deja_vu15,2022-08-26
227,17206720,CharmQuarkStrangeQuark,2023-04-15
228,13785619,knightwrite,2022-03-25
229,10280634,FangirlFreak08,2021-02-22
230,14431191,locklyle_trash,2022-06-21
231,65873,MissSunFlower94,2012-08-20
232,15892299,portaminferni,2022-12-13
233,15646956,kieronlander,2022-11-11
234,7682551,daeodon,2020-06-15
235,4791610,Rouxym,2018-11-21
236,5117783,krtrs,2019-02-10
237,4367955,oneshallop,2018-07-23
238,2524390,blackphantomghost,2016-10-20
239,15014913,UnfamiliarIntelligencia,2022-08-23
240,13277743,november_1,2022-01-30
241,9082070,Pandora_said_hi,2020-12-08
242,13690456,yuulei (ixoria),2022-03-14
243,5192171,rayawriting,2019-03-03
244,139752,OnlyAPerfectDisaster,2013-03-09
245,8998771,Lavenderelly,2020-12-02
246,11493298,aislinrayne,2021-06-23
247,13019245,MrMuffincase14,2022-01-05
248,12214828,jinpluto,2021-09-18
249,16917859,Titchaton,2023-03-21
250,2598754,imposterhuman,2016-11-20
251,2876762,Sassybagle,2017-03-02
252,1305594,the_one_that_fell,2015-06-30
253,16776901,SarahAki,2023-03-07
254,2984794,scare0logy,2017-04-05
255,256973,nighttimedawn,2014-01-07
256,16343851,Ambivalence_Me,2023-01-24
257,2201116,multifandomxgoddess,2016-06-18
258,1947280,TheProudPrincess,2016-03-20
259,13941049,menina123,2022-04-12
260,7367257,LiaAkrepi,2020-04-27
261,9974403,Goldenhour00,2021-02-03
262,1697702,tea_and_ransacking (yespolkadot_kitty),2015-12-15
263,17745934,Littlelola,2023-06-06
264,11448799,Hangesextra,2021-06-20
265,6964723,Cinerraria,2020-03-07
266,3025926,Tamar10,2017-04-19
267,8260555,PersuadedMeIntoIt,2020-09-02
268,17509450,Thecarlylevibe,2023-05-13
269,5756671,JuanAmador,2019-07-17
270,6080603,melimarron,2019-09-21
271,8055703,sumusulat,2020-08-04
272,17455801,pinnisope,2023-05-08
273,76396,itripandfallalot,2012-10-04
274,3189366,ZosiaRose,2017-06-21
275,8310070,Xibalban_horror,2020-09-09
276,1270422,dauntlesspokemonride,2015-06-14
277,15473724,OctoberSeventeenth,2022-10-17
278,17097547,Kiwi_93,2023-04-06
279,12182980,sinesolesileo,2021-09-15
280,12255880,Aedsu,2021-09-22
281,4236281,13atoms (2Atoms),2018-06-20
282,7122709,bravest_person_in_Wonderland,2020-03-29
283,12306007,Saccharomyces_97,2021-09-27
284,17736727,always_unabashed,2023-06-05
285,16710751,RusalkaDnistrova,2023-03-01
286,13690072,abysskisser,2022-03-14
287,17230330,Meguran,2023-04-17
288,4924661,1amgirl,2018-12-23
289,11785219,traitormouse,2021-08-04
290,12029947,sorrinthesun,2021-08-29
291,8738122,takaanamy,2020-11-12
292,16222867,FanfictionWorkshopUA,2023-01-13
293,7148371,esmethenightdemon,2020-04-02
294,16097527,Spruce_Tea,2023-01-02
295,16774402,taylorkaren,2023-03-07
296,1051872,thewestwinged,2015-03-26
297,7307929,lqvekanej,2020-04-19
298,10935518,thestaples,2021-05-02
299,1730053,Glausse,2015-12-28
300,15114591,fictophilegirl,2022-09-06
301,15851514,StormTE,2022-12-10
302,1294893,Run Im A Natural Disaster (Darkness34),2015-06-26
303,16553433,KingOfTheMayflowers,2023-02-14
304,13536352,DangerAbounds,2022-02-25
305,8006287,spinnaker1509,2020-07-28
306,11146121,Im_a_literal_wreck,2021-05-22
307,2400895,ofhauntings,2016-08-23
308,3436392,RubiesandRoses,2017-09-12
309,8018524,crowheadcane (DS_Umbrella),2020-07-30
310,4927223,Crys_Cabbage,2018-12-23
311,11761450,stranger_than_fanficti0n,2021-08-01
312,11186624,OfDogsAndChocolate,2021-05-26
313,4910153,blvewcters,2018-12-18
314,2911439,IrisPurpurea,2017-03-13
315,2948922,xluminaheart,2017-03-25
316,16457842,MaidenToGoddess,2023-02-04
317,14379555,EmmaFromFrance,2022-06-14
318,14745582,worthyprince,2022-07-25
319,17566711,synestheticwanderings,2023-05-20
320,2900714,rey_of_sunlight,2017-03-10
321,3905310,Fandomscraziness22,2018-03-18
322,7867315,WICKEDP0WERS,2020-07-11
323,3078813,JennaTalbot,2017-05-09
324,5107352,alphabetsoup4u,2019-02-07
325,1097470,Avenging_Archer,2015-04-13
326,15260589,nemesisn15,2022-09-20
327,1650470,RoyalPigeon,2015-11-26
328,15039945,marcoroon,2022-08-26
329,7759555,mssersmoony,2020-06-26
330,6986140,Lindzm1318,2020-03-09
331,29566,paperclipbitch,2011-12-20
332,3712419,Kait_darling,2018-01-15
333,13586872,suspiciouswaterfowl,2022-03-03
334,3461154,LillianKeng90,2017-09-25
335,10540686,ace_asterisk,2021-03-25
336,8231647,AJ_Bullet,2020-08-29
337,12506230,faefires,2021-10-23
338,12006178,cherriepixie27,2021-08-25
339,11316319,Tues_Green,2021-06-08
340,11216774,purple_fireflies,2021-05-29
341,15287835,DT270,2022-09-23
342,9581823,YellowBelly,2021-01-12
343,45152,Marie,2012-04-29
344,7435018,nevercatchme,2020-05-06
345,16782631,Madlockup2s,2023-03-08
346,1131100,wisdomofme,2015-04-23
347,2309398,czenzo,2016-07-23
348,13870963,hazelnut_chai,2022-04-04
349,8814944,Khashya (Khashi),2020-11-21
350,9211749,laughteroflife,2020-12-19
351,1525732,Buffintruder,2015-09-27
352,17172919,certes,2023-04-12
353,2067667,chahakyn,2016-05-03
354,8142799,FITZSMM0NS,2020-08-16
355,15157329,sobcf,2022-09-10
356,13302838,A_rando_writer,2022-02-01
357,16433392,Ur_local_gay_regressor,2023-02-01
358,11944609,W_Illegia,2021-08-17
359,16652833,sal3m_G,2023-02-23
360,10478196,Treesandteas,2021-03-19
361,9164355,MyctIdfk,2020-12-15
362,9703161,Lehninger,2021-01-17
363,8684449,s_m_h,2020-11-05
364,7156873,RaytheCat,2020-04-02
365,2378953,FlyingNunLord,2016-08-16
366,14467095,freckled_moss,2022-06-25
367,17675815,alyx_is_real_bored,2023-05-31
368,7369075,sesquidpedalian,2020-04-27
369,17389075,jona_gold,2023-05-01
370,12846520,ChesnutHoney,2021-12-11
371,17484130,FelicityShagwell,2023-05-11
372,10807556,mdet1858,2021-04-20
373,13724563,brekkerdear,2022-03-17
374,16690792,MaloryMalfoy,2023-02-27
375,8845861,Bee_pog,2020-11-24
376,3240345,LilytheFlower_rus (LilytheFlower),2017-07-06
377,9988845,Theatrenerd108,2021-02-04
378,17640382,HolidayBoredom,2023-05-28
379,16621975,februarygray,2023-02-21
380,16150783,canine_rosebud,2023-01-07
381,15847714,Nulop,2022-12-09
382,18368,Anonymous,2011-06-16
383,15496521,gxldenlights,2022-10-20
384,9349968,SnazzyCyborg,2020-12-28
385,156615,sanvitheartificer,2013-04-24
386,15081459,Underscore_Underscore_Underscore,2022-08-30
387,11032673,lilrowantree,2021-05-11
388,2942133,tailor_of_chaos,2017-03-23
389,75835,CryptidKatie,2012-10-02
390,2290659,nykanyka,2016-07-16
391,15987586,Cow_ley,2022-12-22
392,16113762,Arip8228,2023-01-03
393,7962877,on_a_cold_neon_night,2020-07-23
394,8063821,Theonlygamergost,2020-08-05
395,1764922,DisneySorceress (RiaCarroll),2016-01-10
396,4708430,FriedCake,2018-10-28
397,11885602,WanderingMongoose,2021-08-12
398,8461240,onewildandpreciouslife,2020-10-01
399,5271371,sixwhiteroses,2019-03-23
400,15207792,amnesique,2022-09-15
401,7706917,novelless,2020-06-18
402,7156273,WeirdoWithWifi,2020-04-02
403,16611877,fieldsoflavender,2023-02-20
404,1500833,catefrankie,2015-09-16
405,3113862,ConYamArtist (TinCanTelephone),2017-05-24
406,7215133,spud,2020-04-09
407,3513405,An_Abudance_Of_Stories,2017-10-19
408,10361967,utterlyobessedreader,2021-03-06
409,4482774,EmilyWallas,2018-08-19
410,17367256,catmomtac,2023-04-29
411,3870201,KitsuneK155,2018-03-09
412,4018767,eamenir,2018-04-16
413,8176705,fallen_ophe,2020-08-21
414,4843762,CopperLeaf,2018-12-05
415,13242073,breathing_life_into_my_OCs,2022-01-26
416,4170233,aelfreak,2018-05-30
417,913289,HerotheHardWay,2015-02-05
418,17543905,Lidzloves_literature,2023-05-17
419,16997029,LockwoodandToast,2023-03-28
420,13409101,M1N0RU,2022-02-12
421,11587114,Multivariate,2021-07-03
422,2149747,jellie_bean,2016-05-29
423,17134330,SezCpl,2023-04-09
424,5814373,ThatNerdNextDoor23,2019-07-30
425,9974364,croowbzy,2021-02-03
426,7735432,Yemi Hikari (Yemi_Hikari),2020-06-22
427,428138,ArtemisSwan,2014-05-14
428,5289098,WriteAndRead,2019-03-27
429,10820555,Bookaholic711,2021-04-21
430,4163339,grasslandgirl,2018-05-27
431,247112,vocallywritten,2013-12-18
432,16731205,annalise_xoxo,2023-03-03
433,6661429,uraniafromspace,2020-01-28
434,11503801,Tisababywolflink,2021-06-23
435,1020797,Beatles_and_Bellarke,2015-03-14
436,1790218,Starfins,2016-01-18
437,3622776,M1dn1ght_Star,2017-12-05
438,11403607,Dontshipislip,2021-06-16
439,11852881,Wiiwiibaguette,2021-08-10
440,11005781,OnceICaughtaFishAlive,2021-05-09
441,8376676,ICH0R,2020-09-18
442,6225581,EmmaRushingThroughBooks,2019-10-23
443,1021112,tryalittlejoytomorrow,2015-03-14
444,3533056,BlissfulBethx,2017-10-24
445,2610934,Annabananasmemecabana,2016-11-26
446,13307389,Chaos_pls,2022-02-02
447,8456776,Dyroad,2020-09-30
448,11957383,WolfiesWrites,2021-08-19
449,14778957,OversteepedTea,2022-07-29
450,8350897,solaerae,2020-09-15
451,2076613,OceanSpray5,2016-05-06
452,7721785,blackjack_15,2020-06-20
453,10993025,singularitiis,2021-05-07
454,2086,misura,2009-11-26
455,15649419,SillyResidesInTerrarium,2022-11-11
456,14220636,Amino_Abruptum7,2022-05-22
457,3189750,BurningBright_UA,2017-06-21
458,16639102,levrana,2023-02-22
459,1076388,noirshitsuji,2015-04-06
460,1267242,youareiron_andyouarestrong,2015-06-12
461,76394,lady_mab,2012-10-04
462,7966426,Kitsune511,2020-07-23
463,11709778,JustWriteIt13,2021-07-26
464,15446544,nunya_bznz_babes,2022-10-14
465,11178299,stillobsessed000,2021-05-25
466,9161100,tavana_lee,2020-12-15
467,7345684,LeoLeonte,2020-04-24
468,9455868,Dolly_Daydreaming_On_The_Daily,2021-01-03
469,4064694,kingcommabea,2018-04-24
470,8936695,classlut,2020-11-28
471,3591678,Paganicher,2017-11-27
472,16708741,dmh23,2023-03-01
473,6708811,OutofOz23,2020-02-06
474,11011274,FuxkingGod,2021-05-09
475,None,ceta346 (orphan_account),
476,5077250,readytofangirl,2019-01-30
477,10566753,rendeziam,2021-03-28
478,692558,akaneboshi,2014-09-25
479,8604013,eutony_in_a_basket_case,2020-10-23
480,12984799,greatersafety,2022-01-01
481,16362136,manageable_maelstrom,2023-01-26
482,2339617,songbird07,2016-08-02
483,1309329,Flames and Fairy Tales (Flames_and_Fairy_Tales),2015-07-02
484,12706195,enderlili,2021-11-19
485,17342233,YveNi,2023-04-27
486,426680,notthatminyard,2014-05-13
487,4903624,greywitchy,2018-12-17
488,1767814,secretlyhuman,2016-01-10
489,1517861,SassyJarSkull,2015-09-24
490,8642209,thatstarwarschick2,2020-10-30
491,7458988,renjunspetrat,2020-05-09
492,16543771,starstrings,2023-02-13
493,4653566,FionaDunn,2018-10-11
494,7898056,veta_carstairs,2020-07-15
495,1018007,DinoKitty,2015-03-12
496,1461587,MarsStarPower,2015-08-30
497,16582681,ghost_with_a_book,2023-02-17
498,3796812,Random_Nerd3,2018-02-14
499,1764355,kennys_birthday,2016-01-09
500,2443783,PikaGirl13,2016-09-09
501,408854,questionmark007,2014-05-03
502,6612433,HopeMikaelsonClarke,2020-01-17
503,17212897,CountertopGremlin,2023-04-16
504,72607,RedFairyQueen,2012-09-18
505,11749948,booptylooptypoop,2021-07-31
506,3573324,DropsOfAddiction,2017-11-19
507,4046850,barronsfever (historyofbellarke),2018-04-20
508,16563565,Magicalmimi,2023-02-15
509,5202446,Sozd,2019-03-06
510,11736172,1Lovepsych,2021-07-29
511,16731079,effette,2023-03-03
512,17410729,m_juliav,2023-05-03
513,17775511,ItsAlreadyTwoAm,2023-06-09
514,2440594,The_Biscuit_Agreement,2016-09-08
515,13652179,soapsoapysoph,2022-03-09
516,16559470,netflixcapricorn,2023-02-14
517,985868,WintersBlue35,2015-02-28
518,4482456,shelly (relightthatspark),2018-08-19
519,7080322,twolivze,2020-03-23
520,14535048,KiaBG,2022-07-02
521,6805582,WaitingForMyHogwartsLetter,2020-02-21
522,9618903,425anonymous,2021-01-14
523,1031402,Pickl3lily,2015-03-18
524,16608643,confetticowboy,2023-02-19
525,12775543,dotty456,2021-11-30
526,4308150,Miserable_Ecstasy,2018-07-10
527,3008151,jhyxn,2017-04-14
528,752810,lemonsharks,2014-10-28
529,3615030,Another_Local_Dreamer,2017-12-03
530,11625640,stvrchaser,2021-07-12
531,9189216,FaradayMcClaire,2020-12-17
532,3484728,chatterboxprotocol,2017-10-07
533,8405692,magnificunt,2020-09-22
534,8179099,CallmeDJ,2020-08-21
535,865064,SJChronicle (ShadowsofaChronicle),2014-12-27
536,46429,Moosegirl6,2012-05-11
537,3655038,AlisoneDavies,2017-12-18
538,886409,shadowkatninjawarrior,2015-01-04
539,4076130,randomascas,2018-04-26
540,12728,KD reads (KDHeart),2011-01-27
541,1945075,Wayward_Wren,2016-03-20
542,2536852,EclipsedMoon,2016-10-25
543,10325838,folkssayjesse,2021-02-28
544,36499,Laurtew,2012-02-17
545,2616802,ali_summerset,2016-11-29
546,8154082,lookineedsleep,2020-08-17
547,11324902,anotherlight018,2021-06-09
548,13209619,Hardycat,2022-01-23
549,17125438,Ghostlampsmylove,2023-04-08
550,2221201,kingwrites,2016-06-24
551,10572630,ergo_a_coconut,2021-03-28
552,15245025,The_Hanna,2022-09-19
553,17792692,Bluebell_borough,2023-06-10
554,16911004,NearerTheLightShines,2023-03-20
555,10625412,its_alenatic,2021-04-03
556,6294565,Merthur_Klance_Hualian,2019-11-08
557,3981282,empress_ofbloodshed,2018-04-05
558,12842287,ToukoJalorda003,2021-12-10
559,2195588,itsonlyapapermoon,2016-06-15
560,800894,woahpip,2014-11-23
561,16854166,MonsterbananaTV,2023-03-15
562,5388166,cirilla0fcintra,2019-04-26
563,3229263,AdamantEve,2017-07-03
564,15912775,lady_dii,2022-12-15
565,16734988,Fantasy_Is_My_Only_Reality,2023-03-03
566,9886086,carlyleandco,2021-01-27
567,6615235,WildWren,2020-01-18
568,14324475,god_on_crack,2022-06-07
569,11659897,ScarletSlippers,2021-07-18
570,8238121,chronicmedisorder,2020-08-30
571,10583673,kalenkeigo,2021-03-29
572,6262448,Rozmund,2019-10-31
573,16716565,LillaWeneda,2023-03-01
574,432731,Leuvarden,2014-05-17
575,13564741,DRKLDY,2022-02-28
576,4130736,Archivist97,2018-05-12
577,13574884,hoaxstan13,2022-03-01
578,3770127,HeyGoodLookin,2018-02-05
579,1092562,thisurlisamazingandyouknowit,2015-04-11
580,17075518,PseudoRiemannianManifold,2023-04-04
581,17633641,ultraviolet_luves_converse,2023-05-27
582,13443568,asingularpotatoisi,2022-02-16
583,2995824,HopefulStar7567,2017-04-09
584,2715473,arifs_shopgirl,2017-01-04
585,5951110,Nomolosk,2019-08-27
586,None,CharmQuartStrangeQuark,
587,8186197,GabyL07,2020-08-22
588,3799116,MogulMama,2018-02-15
589,9941,ambudaff,2010-09-29
590,16199761,TheGayTransgender,2023-01-11
591,5719504,Sarjear,2019-07-05
592,3352830,Miss_Halo,2017-08-13
593,4840639,DraketheDragon,2018-12-04
594,276538,35portlandrow,2014-02-13
595,17023978,Neroburningrome,2023-03-30
596,5426449,feel_like_cinderella,2019-05-07
597,None,GabyU07,
598,17260750,Kokomoinn,2023-04-20
599,237763,d__T,2013-11-24
600,10991360,Mercurial_Rain,2021-05-07
601,8397670,Clingymf,2020-09-21
602,5328545,sleepdeprivedleopard,2019-04-08
603,4876551,Ellajane2255,2018-12-11
604,17861719,Chiaroscur0,2023-06-15
605,5937127,weasleysking,2019-08-25
606,14034618,ssteht4spiderman,2022-04-27
607,7325968,iwasbornforthis,2020-04-21
608,5899888,mortal_maebh,2019-08-18
609,114024,ScienceFantasy93,2013-01-14
610,3726624,morganthefangirl,2018-01-20
611,5719486,personinthepalace,2019-07-05
612,1979230,TolkienGirl,2016-03-30
613,1039599,mistbornhero,2015-03-22
614,205293,leapin_lizards,2013-08-30
615,2605858,astratastic,2016-11-23
616,13980256,danisauro,2022-04-17
617,3149976,rowanix,2017-06-05
618,15120261,TheAviatrix,2022-09-06
619,16072410,Ritzber44,2022-12-30
620,2697460,Bugaboo1018,2016-12-28
621,2553433,Shaedero,2016-11-02
622,3531976,Whoops_Im_Obsessed,2017-10-24
623,8837984,justavibingaxolotl,2020-11-23
624,1290216,CelesteFitzgerald,2015-06-23
625,17264305,Hufflepuffpuffpassit,2023-04-20
626,485527,Mirzam,2014-06-15
627,16924345,MagicPeach,2023-03-22
628,10983761,Somesophie,2021-05-06
629,15524646,Under_rune00,2022-10-24
630,11527630,a_boy_and_his_dog,2021-06-25
631,15227661,heistforger,2022-09-17
632,87683,AriannaGrace,2012-11-21
633,2085088,nottheleastbrave,2016-05-09
634,17460553,acourtof_ficsandsmut,2023-05-08
635,2409982,MissPennington,2016-08-27
636,8345140,MMAYHEM,2020-09-14
637,3574944,IceAngels,2017-11-22
638,8169769,Mycat_isEVIL,2020-08-20
639,835961,Wonkington,2014-12-12
640,17516953,ananimousbish,2023-05-14
641,6142415,greenmaskedmarauder94,2019-10-05
642,14804415,moran_ellie,2022-07-31
643,16385500,lulubookworm,2023-01-28
644,3487512,fastidious_and_a_mess,2017-10-08
645,257980,ghostlin,2014-01-09
646,17008165,LifeonMars_Write,2023-03-29
647,110531,Farfallama,2013-01-09
648,10166898,agents_cxrter,2021-02-16
649,4221113,1358097642,2018-06-16
650,5623291,moon2pluto,2019-06-16
651,2642818,Princess0fMirkwood,2016-12-10
652,7495729,silverspectre (ntiromantic),2020-05-13
653,3143256,friendly_ficus,2017-06-03
654,1717922,stormydee91,2015-12-24
655,5325839,ellietricity,2019-04-07
656,17045914,Stardust_Ki,2023-04-01
657,1765021,TheMalapert,2016-01-10
658,16450141,LyraLee33,2023-02-03
659,14389599,landline_of_the_dead,2022-06-15
660,16048428,oceanwave_blues,2022-12-28
661,11034605,Min_tay,2021-05-11
662,6462502,crazyobsessiveme,2019-12-20
663,13767481,judasgf,2022-03-22
664,1772287,philliam,2016-01-12
665,5672794,lynnroo,2019-06-26
666,17664319,Lalaboo13,2023-05-30
667,1805161,like_an_old_friend,2016-01-22
668,16694746,locklyle_is_my_life,2023-02-27
669,143326,Leaves_Crown,2013-03-18
670,11485753,internaTional_suPerSpY,2021-06-22
671,15706242,Music_and_Magic_1307,2022-11-18
672,16851445,PiningLikeFineDining,2023-03-15
673,4470927,Red_In_Every_Sense_Of_The_Word,2018-08-16
674,15688609,SkandyNavia,2022-11-16
675,3225375,professionalzukoapologist,2017-07-02
676,16846612,siapom,2023-03-14
677,1501688,ProminentlyPercy,2015-09-16
678,33469,princefado (g_thorn),2012-01-16
679,3500457,sunflowercathy,2017-10-14
680,11281453,SomebodyysAThief,2021-06-05
681,153667,writerfan2013,2013-04-15
682,1846032,LilacChocolate,2016-02-09
683,908372,IveGotRedHair,2015-02-04
684,3536632,Katie_500,2017-10-25
685,214469,theinvisiblefangirl,2013-09-23
686,5676061,flythesail,2019-06-26
687,4954430,worminapouch,2018-12-28
688,7264222,andhockeysticks,2020-04-14
689,16392847,Happy_Shipper,2023-01-29
690,2441896,UnderwaterTree,2016-09-08
691,4311867,WolfjawsWriter,2018-07-10
692,4326372,mothmaniscanon,2018-07-13
693,8226862,Solar_beats,2020-08-28
694,11316,chiiyo86,2010-12-05
695,6814150,Account_Created,2020-02-22
696,17179591,literallyclueless24,2023-04-13
697,14523444,bandgeekbuckley,2022-07-01
698,16538524,juicy_watermelonnnnnn,2023-02-13
699,947558,ohmyoverland (Blackbirdy),2015-02-16
700,14103333,BettieLouWho,2022-05-07
701,16085604,drunk_daydreams,2023-01-01
702,8369350,killian_will_do,2020-09-17
703,7394734,storythief11,2020-04-30
704,9896829,acequeen910,2021-01-28
705,5495713,WhatsaBex,2019-05-25
706,7673995,FormallyLateLocklyle,2020-06-14
707,5711473,NowNumber5,2019-07-03
708,17785960,justice_for_skull (hyper_fix),2023-06-09
709,2516200,IdeeGeschwindigkeit,2016-10-18
710,5769991,stormwalkers,2019-07-19
711,2342494,GeekyLilo,2016-08-03
712,3789063,DaphneJane,2018-02-12
713,17543599,WhimysInkRibbons,2023-05-17
714,8759218,baconlover312,2020-11-14
715,14428290,Padskywalkerrr,2022-06-20
716,16798144,morgan_birdee,2023-03-10
717,11977117,andriewskaja,2021-08-21
718,17512540,lucyjlockwood,2023-05-14
719,5906734,StarBirdie,2019-08-19
720,9551601,fromjannah,2021-01-10
721,10983647,Socrates_is_dead,2021-05-06
722,1462571,avocadosamevil,2015-08-31
723,6582697,sailor_antimatter,2020-01-11
724,14307846,Miss_Bel1e,2022-06-04
725,12764323,tokageterrible,2021-11-28
726,1082199,Amelia (BelowTheText),2015-04-08
727,2415442,pitkins_tea,2016-08-28
728,636975,xLoveMx,2014-08-25
729,95180,Dreaming_of_a_Bright_Sky,2012-12-09
730,18090943,Savoirfaire,2023-07-02
731,11907844,neufer,2021-08-14
732,5834890,MONOINK,2019-08-05
733,10495815,Pajax,2021-03-21
734,7948261,Pagestealer,2020-07-21
735,2897240,DrowningInStarlight,2017-03-09
736,3006216,Esaelpx7,2017-04-13
737,2355154,letthebookbegin,2016-08-08
738,128460,raininshadows,2013-02-08
739,8701984,atlxstar,2020-11-07
740,1772764,Ford_Ye_Fiji,2016-01-12
741,16714897,Writ_13,2023-03-01
742,1745467,sunlitseas,2016-01-03
743,1411674,CupOTeaHatter,2015-08-11
744,14820,Miri1984,2011-03-31
745,2146321,lrw1219,2016-05-28
746,16128604,itsrain_cloud,2023-01-04
747,4761998,starlightroguee,2018-11-13
748,5831461,Ordnance,2019-08-04
749,10396929,awfullyglossystrawberries,2021-03-11
750,7454377,Alinor,2020-05-08
751,1149577,hakuna_matata,2015-04-29
752,16837528,jwrites23,2023-03-13
753,343960,Uthizaar,2014-03-27
754,6561073,SweeterEnd,2020-01-07
755,574299,WindsAroundATreeLikeAVine,2014-07-26
756,14696172,Writing_random_stuff,2022-07-20
757,1711910,Amazinggrace0,2015-12-22
758,14282802,goldenjupiter,2022-05-31
